model,length,position,n_calls,n_swap_pairs,raw_accuracy,raw_accuracy_ci_low,raw_accuracy_ci_high,post_filter_accuracy,coverage,coverage_ci_low,coverage_ci_high,consistent_error_rate,reported_gap
gemini,16K,early,80,40,0.45,0.325,0.575,1.0,0.275,0.15,0.425,0.0,0.55
gemini,16K,middle,80,40,0.3125,0.2,0.425,1.0,0.15,0.05,0.275,0.0,0.6875
gemini,16K,late,80,40,0.5375,0.4375,0.6375,1.0,0.275,0.15,0.425,0.0,0.4625
gemini,4K,early,80,40,0.6375,0.5375,0.7375,0.9411764705882353,0.425,0.275,0.575,0.058823529411764705,0.3036764705882353
gemini,4K,middle,80,40,0.725,0.6125,0.8375,0.9583333333333334,0.6,0.45,0.75,0.041666666666666664,0.2333333333333334
gemini,4K,late,80,40,0.8,0.6875,0.9,0.9655172413793104,0.725,0.575,0.85,0.034482758620689655,0.16551724137931034
cohere,16K,early,80,40,0.225,0.1375,0.3125,1.0,0.025,0.0,0.075,0.0,0.775
cohere,16K,middle,80,40,0.0375,0.0,0.0875,,0.0,0.0,0.0,,
cohere,16K,late,80,40,0.025,0.0,0.0625,,0.0,0.0,0.0,,
cohere,4K,early,80,40,0.625,0.5375,0.7125,1.0,0.325,0.19937500000000558,0.475,0.0,0.375
cohere,4K,middle,80,40,0.4875,0.4,0.575,1.0,0.15,0.05,0.275,0.0,0.5125
cohere,4K,late,80,40,0.4125,0.3375,0.475,0.5,0.05,0.0,0.125,0.5,0.08750000000000002
